unit_id,device_type,temp_c,rds_on_mohm_0h,rds_on_mohm_24h,rds_on_mohm_96h,rds_on_mohm_168h,igss_na_0h,igss_na_24h,igss_na_96h,igss_na_168h,vgsth_v_0h,vgsth_v_24h,vgsth_v_96h,vgsth_v_168h,severity,defect_mode
U000,POWER_MOSFET,125.91415123926329,99.0050940165075,100.01380352935513,103.24506016727774,104.59534799629807,3.879453328964521,4.875394191000614,6.570023875702624,5.6851088185658725,4.035069455936882,4.052883019353619,4.113440601932882,4.099615956672058,NORMAL,NONE
U001,POWER_MOSFET,125.0,101.56738910237058,101.01741714408118,101.45840163688185,102.44999713629394,4.590060982003348,5.13897102046271,5.38766724906629,6.140423393713448,4.032295143797487,4.04179729239349,4.0365096078248675,3.9830233758638536,NORMAL,NONE
U002,POWER_MOSFET,127.25135358741937,96.51011194307513,98.28467164033324,99.32390104660868,99.056061665294,3.9030205763767793,5.452107239546434,7.0252179739321585,8.196815750367058,4.096941531712527,4.086289686042681,4.090301727481278,4.117605294902475,NORMAL,NONE
U003,POWER_MOSFET,127.82169414917364,100.5319295837647,100.66577691835519,102.74485078762464,103.1424247299834,6.025975612955721,5.101352968590396,6.2002052269205725,6.216806122932515,4.0677215069329655,4.0837016327907945,4.071086115749049,4.072984718141483,NORMAL,NONE
U004,POWER_MOSFET,125.0,100.61136591684729,100.59824290779545,99.96243840491894,100.88962765469019,4.058707661705656,4.055849517196621,6.265894452623003,6.9039779488754345,4.049138745952391,4.032267137519712,4.064756162654802,4.04690091979028,NORMAL,NONE
U005,POWER_MOSFET,125.0,99.18989397721393,99.30019308405727,101.17375664604283,102.11553277759181,4.363989687879977,5.432338977253051,6.317229314465626,8.013573802635268,4.1050809928786585,4.085638961069061,4.086756289678765,4.079606285162493,NORMAL,NONE
U006,POWER_MOSFET,125.38352120950185,97.74974762449911,98.49534228220759,101.09718701398866,102.65662476534793,4.1327575138716375,5.423411281183458,6.196086857604598,5.778460875828123,4.019495965187012,4.048058639271597,4.0619137203659825,4.07139283774548,NORMAL,NONE
U007,POWER_MOSFET,125.0,100.12375954433139,100.52338416715145,101.9580145293446,103.81871012389708,5.025803470001601,6.068199976279266,7.169760523855164,7.560855246243515,4.016515291262635,4.035832751603767,4.04821608977331,4.041225765845917,NORMAL,NONE
U008,POWER_MOSFET,125.0,98.97460329317325,100.21276237499472,101.75019400300765,103.25121962582693,5.657105329804022,5.7946918366362645,7.121896436565765,7.982626150314417,3.9623828723014327,3.974354902327696,4.010314348837206,3.9562771690633682,NORMAL,NONE
U009,POWER_MOSFET,125.0,99.50235253744384,100.79202619424302,103.96124281299916,105.99520747331132,5.210252290789403,6.438701764953105,5.637970579607646,8.135350673825371,4.034556054829031,3.987997989098614,4.017637247044377,4.022545855178036,NORMAL,NONE
U010,POWER_MOSFET,127.63819392458849,99.67503979985415,101.30870699154517,104.86728167122298,106.7592620868817,5.5007294412012975,6.929116713236294,6.619827820054381,7.857172284841152,3.9632628358419164,3.973579163498851,3.9901091226773007,4.053538772855871,NORMAL,NONE
U011,POWER_MOSFET,127.33337580628684,102.74318256691929,103.0231487426907,105.5288223973112,106.15422842005843,4.677872068924445,6.048929147908362,6.975053211537974,7.9598505260415005,4.049758901167048,4.058000909592085,4.063404932559313,4.018460322047777,NORMAL,NONE
U012,POWER_MOSFET,125.19809209268365,99.90759562623428,100.52987284849137,102.949477365934,105.6479808956011,4.694019195821876,5.076580305629436,7.4057032272896555,7.6098780586031864,3.932945943868806,3.939806948162889,3.971739430539911,3.9956856815176227,NORMAL,NONE
U013,POWER_MOSFET,128.3817236209041,98.06159658121778,99.75546096629053,101.52440149289824,101.8461652473936,3.908774871361235,5.131023308966811,5.532754406352426,5.866211015121021,4.038557867990279,4.046334745517568,4.066273663188739,4.028082370671137,NORMAL,NONE
U014,POWER_MOSFET,126.40252802675613,99.80012481527416,100.44417765997835,102.24151711225188,103.51079506815186,4.905578676515856,4.1187275047054674,5.022044817248527,5.817034378523045,3.9793128693748376,3.98690816685132,4.005209405749978,4.004874673987712,NORMAL,NONE
U015,POWER_MOSFET,125.0,100.749730870175,100.71491560594973,101.97164934551216,103.62994471306773,4.320465644263796,5.986398388516698,7.2714666901999445,8.350349770588005,4.0903278768163505,4.05146857265453,4.115987597539094,4.079431994642376,NORMAL,NONE
U016,POWER_MOSFET,126.1062523522475,101.52797478487257,102.45920051567653,102.79797321854585,103.51727425488774,4.656322613891063,5.1345467289445255,5.356111515605136,6.760164549711456,4.0606936045969855,4.067947351096894,4.053218057768072,4.072418704995704,NORMAL,NONE
U017,POWER_MOSFET,125.0,100.50034749768224,101.68794231920802,102.61085816636869,103.96815643272235,4.759520281215568,5.679775720878103,8.16171830679449,8.364206384670306,4.0993081542261445,4.092589959737705,4.111350669935878,4.12057536735906,NORMAL,NONE
U018,POWER_MOSFET,127.63535090392182,100.71463621511353,101.81422445781554,103.65819744117464,104.12212958937629,5.408887608087253,4.904234353610112,6.178323581833062,7.141723185619063,4.053858107325275,4.042960997205202,4.060905658423925,4.055685021793514,NORMAL,NONE
U019,POWER_MOSFET,125.0,102.67507684013307,103.40812035009301,105.37943748476606,107.53466836867045,4.793439830840573,7.178588963180385,6.642654014208674,8.852050891334962,3.9304333592361576,3.9334293978866284,3.9056698634548055,3.918923179935435,NORMAL,NONE
U020,POWER_MOSFET,125.0,98.76507181396137,99.41071358696561,103.32004674273537,104.79724222399416,6.1424403940814685,7.1962294424274145,7.366170781371527,7.568736132100887,3.9944577923212043,4.005902196912033,3.99955685823359,4.03878855272434,NORMAL,NONE
U021,POWER_MOSFET,125.0,98.74349586327641,99.81631767076607,100.2855912489158,100.8539821281508,4.520287359409302,5.161029832523512,6.325021936337425,6.331751033708595,3.9205678877178336,3.963322093801073,3.932634131114826,3.912251077468073,NORMAL,NONE
U022,POWER_MOSFET,128.6676240160221,98.78766117164496,99.91844091273235,101.40201874596232,103.29116997646705,5.224099865439599,5.915764416238488,7.816505629444216,7.718891791849942,3.98070681098161,3.96111965304507,3.9434709983522813,3.963241513451491,NORMAL,NONE
U023,POWER_MOSFET,125.0,100.00699509953604,100.64727366254581,101.50009366536958,101.81057571387797,4.44463908059467,4.997069743819299,5.375862254025842,5.9718906155931,4.092036484301359,4.085384770868611,4.094348736740475,4.119490700247357,NORMAL,NONE
U024,POWER_MOSFET,125.0,98.18853492975903,106.70155529235248,124.64273994278237,139.7796566506045,4.517225761569452,5.306008230867365,5.570797821787444,5.14611785363756,4.0607227863686095,4.03682751833876,4.044142371239629,4.081962375405299,BORDERLINE,NONE
U025,POWER_MOSFET,125.0,100.54430835595028,101.77544023411117,103.27392416168658,104.62136365713378,5.4676534845364095,5.654821225781371,6.307350749232314,6.914152522431163,3.977376171931107,3.9254020907538716,3.965366574789005,3.9333438919722865,NORMAL,NONE
U026,POWER_MOSFET,126.59692755666005,99.68108992507096,99.94691869121769,100.94006411462469,101.395360972669,5.7043143345703005,29.079491601988767,77.7715492995624,110.77747255701061,3.949286278649113,3.964820539188104,3.9253772161603053,3.946690943650426,DEFECTIVE,GATE_OXIDE_DEGRADE
U027,POWER_MOSFET,126.09633219309224,98.06475110572293,98.60084770463773,101.78764300318103,103.46566258374735,4.686421024814524,4.350041616314358,4.496100438066084,4.8008677204961705,4.012490993909652,3.9855672126080695,4.019606759492907,3.990594314542326,NORMAL,NONE
U028,POWER_MOSFET,126.23819783478797,98.39500394441315,99.20630562308153,101.5336861840216,101.01820404676744,5.408934063211168,5.33275279207364,6.651612544859425,7.369571639311325,3.948066528894848,3.939264138650776,3.9778500533091274,3.944318110649636,NORMAL,NONE
U029,POWER_MOSFET,126.29246300902365,100.92316460004699,100.9235607044661,102.60163049047449,103.24063539269888,4.153867345304432,4.973688310365803,4.872195469330562,5.289141318160975,3.944150646868813,3.965458052110287,3.9455030462567593,3.9643869495753497,NORMAL,NONE
U030,POWER_MOSFET,131.42494280261138,101.34790427028523,102.43922711267494,104.36474098907877,103.41792720087868,5.636317118050266,5.900547407999626,7.450088224724222,8.282776926324185,4.0168388032511615,4.017188820188939,4.005555631658184,3.9853705195431477,NORMAL,NONE
U031,POWER_MOSFET,125.0,102.37764625652885,103.89278459037227,104.81359094100773,105.77523586264388,4.473045607431795,4.783139095291717,4.307002573351156,3.7465050208492623,4.082291460918314,4.096009523125438,4.087846719999699,4.108830094881746,NORMAL,NONE
U032,POWER_MOSFET,125.0,104.86757769773651,105.80144720972977,107.58303561958036,109.25196817888332,4.995110572990215,4.4424334008236634,5.86114900552737,5.270807525649517,4.014546084508721,4.062937452307669,4.06672876349607,4.090676186910661,NORMAL,NONE
U033,POWER_MOSFET,125.0,100.51294439643908,100.94416748017069,102.9004242495647,104.37856015740562,4.601063969086211,5.194510119967962,4.5813129460040525,5.051118695583566,3.865662981581403,3.8923572114319116,3.8791781921224384,3.8605511454080186,NORMAL,NONE
U034,POWER_MOSFET,126.84793826772649,98.42136107508226,99.46344434651218,101.50400273181634,103.717222320283,4.903645721719782,5.097761688877024,4.713053956655955,5.67953558052003,4.009956867962385,4.009227075626439,4.066272712284029,4.045903515577486,NORMAL,NONE
U035,POWER_MOSFET,128.38691687816268,97.31730827863034,97.92572846841874,100.14871848171992,101.3092947807113,4.123033930132414,5.524339024460976,4.609841114279836,5.368028833211287,3.9927382620405067,4.018663715900541,4.062182519840577,4.074117122261096,NORMAL,NONE
U036,POWER_MOSFET,125.0,100.24786882836354,102.0701258403184,104.6361041948071,106.45618280931664,4.747806163547926,4.786664077521597,5.149394119743244,6.436159171354753,4.022906776720208,4.025662875789622,4.065133608327077,3.995116278346574,NORMAL,NONE
U037,POWER_MOSFET,125.0,98.21351468897069,99.04065743562195,100.86307596840729,102.16456586283154,5.310960732127626,5.9402757551709575,6.750471023462347,9.039958033104082,4.116845323037503,4.075369660702248,4.082009142555857,4.071079900897424,NORMAL,NONE
U038,POWER_MOSFET,125.0,98.61371194444035,99.70647374259421,100.11843552301454,101.12773717179707,3.556185784841246,4.363390846247074,5.607069219798723,6.380208636874893,3.905187525334603,3.8740460454163697,3.9248987344510455,3.8979937879395754,NORMAL,NONE
U039,POWER_MOSFET,126.9517783634741,99.33499796725322,100.35625398919552,102.40745589904282,104.55620934443579,4.634289081804564,5.2611172763813645,5.906007114567778,7.420884896693151,3.990595044160176,3.9726869184957,4.007804605998078,4.041425833783579,NORMAL,NONE
U040,POWER_MOSFET,127.22976251361032,100.57300751068863,100.10635472094498,101.86984469813173,103.88554892692308,5.389316238741839,5.486101619509732,6.369301493705954,7.120034076954842,4.0274973820074464,4.013160002798345,4.005832887428072,4.000685142741269,NORMAL,NONE
U041,POWER_MOSFET,126.62946280491559,101.24716649471789,103.78965395869614,105.59223866097265,107.62556263480943,6.207994850560742,6.969481938746092,7.94470857895693,7.8335290580596535,3.8933600944903457,3.8899552830072355,3.891831675692928,3.9203009146008867,NORMAL,NONE
U042,POWER_MOSFET,125.0,100.76555512292067,101.1823354023698,103.67572783134624,104.97503155170207,4.805496098444909,4.525124041847329,6.377904897648554,7.441239773009986,4.062264506558002,4.087558365370448,4.092912310710321,4.074997120990817,NORMAL,NONE
U043,POWER_MOSFET,125.69648396920016,99.31294037153357,100.11340724125954,102.29761512509084,103.69614539665268,4.419612606377027,5.346530846930425,6.669494332803364,7.510008816594736,4.049455433037483,4.056312456693746,4.035845386878565,4.109046055084915,NORMAL,NONE
U044,POWER_MOSFET,125.35005742742219,98.23412876893899,114.02293375086711,144.4255878413093,169.15891356396014,4.266929345582788,5.631759414400759,6.04856434214577,8.210960836142904,4.072665052434955,4.029923360693335,4.059076791511584,4.0443379141759115,DEFECTIVE,RDS_DRIFT
U045,POWER_MOSFET,125.65606579018704,97.23658169088874,99.2977955619237,102.01977696463116,105.11035363990531,5.623232582851336,23.744509060832378,58.600855065137104,86.51859271485908,3.962509663777311,3.9820169119117783,4.004171872948291,4.008089426849384,BORDERLINE,NONE
U046,POWER_MOSFET,127.61428633384457,99.5353707502227,101.1992871766665,104.56635920823882,107.00079519153769,5.2312438614040335,5.265364372848612,7.561637472660705,8.229844418887843,4.041155290820601,4.028206630783737,4.071614602230493,4.04588733354953,NORMAL,NONE
U047,POWER_MOSFET,125.67078664632405,99.83211452253074,101.28609509613996,101.74699865153639,103.21775683852557,5.275280404638832,5.322107617683973,6.259150597734689,6.127068854317161,4.052958903582445,4.1003727086539365,4.090760624853991,4.0885628920383645,NORMAL,NONE
U048,POWER_MOSFET,127.03674068921569,102.47627330632785,103.46545504239937,104.74491746250521,106.99523692871391,5.811410342271799,4.988682330663524,6.233620458960944,6.502853253579584,3.9923368771106835,4.018758651013099,3.9882812272980495,4.050317315049825,NORMAL,NONE
U049,POWER_MOSFET,125.20273720846667,100.4969538101828,101.28849003821891,102.8212023025325,105.41120456800795,5.8338340042846575,4.093365131587597,5.846888162824929,5.873855067642302,4.027811450666631,3.998774532986165,4.021486928175507,4.025648308061021,NORMAL,NONE
U050,POWER_MOSFET,125.86735819606996,102.20859960242659,101.98960026448135,103.43328547818828,103.61159552573258,5.407128746031822,4.643059044320184,5.172364091517609,5.768535396382508,3.982259475057289,4.023236345424147,4.048459521278574,4.0429237607267705,NORMAL,NONE
U051,POWER_MOSFET,126.89386467751562,98.61549757651979,100.22636766815549,102.65458628255159,102.99946665473229,4.395705510833123,5.543440201450127,5.589784889653439,5.8946025212042805,3.994022632915497,3.976282303588743,4.000542829923408,4.055298024044029,NORMAL,NONE
U052,POWER_MOSFET,125.0,98.13706252713827,98.73855140221838,100.92531382453971,102.35938649019924,4.049194399841905,4.030622600641238,6.1776451597696935,5.587176517778102,3.977977858359941,4.013793400760607,3.999083972189703,4.001090102975894,NORMAL,NONE
U053,POWER_MOSFET,125.0,98.77723400541724,98.97814032319991,101.55070873681788,103.78836909693047,5.114001959111323,5.09955537796318,5.860390766803073,6.605062759688042,3.9872946198164265,3.9819000858465863,4.001855420475302,3.9438704383298075,NORMAL,NONE
U054,POWER_MOSFET,125.0,99.25696092336122,99.34004310315119,100.82043402043884,101.2113125301919,5.53112178842024,5.9817508924925775,6.838452088505965,6.443723995596467,4.0357521146389965,4.03140923615221,3.999621801725186,4.038332489012709,NORMAL,NONE
U055,POWER_MOSFET,125.0,103.33851839426606,103.75575343369994,104.29617203569464,104.92484592542826,5.852890640939676,6.161533385572622,4.993444601749882,7.0085077259464486,4.046698191794635,4.015360673399251,4.053122103647751,4.076917905897875,NORMAL,NONE
U056,POWER_MOSFET,125.0,98.33329283732718,99.09022502342211,98.97072599367799,99.3896800177046,5.461033207675509,4.711313181463793,5.742390389950173,5.021192055130285,3.984319547128977,3.961899260804922,3.9518294115613073,3.9717373073277997,NORMAL,NONE
U057,POWER_MOSFET,129.48482393370318,100.69380603402539,102.31837041769434,102.90948371484413,103.50002983010073,4.989941453789827,5.678780404487839,7.806166175435949,8.263907250344642,4.006784511312082,3.9982182248045417,4.018093248426361,4.003740818211818,NORMAL,NONE
U058,POWER_MOSFET,125.0,99.53750196943328,98.71668587105125,101.26667872411807,102.50475928574885,5.080278505927117,7.198530671375579,7.754864686512182,8.731340084622317,4.074633221123466,4.0667528753562445,4.0608649387756,4.067770344989029,NORMAL,NONE
U059,POWER_MOSFET,127.90483506377444,101.95783402932493,102.31465665593055,103.59365023182383,105.28734296429222,5.538290037031629,5.841725248225111,6.774232823905619,6.782602291333313,3.94424080521676,3.942535037209051,3.9212544377355654,3.9552463940038773,NORMAL,NONE
U060,POWER_MOSFET,125.0,100.54404693586815,101.85735469339768,103.80871312914888,106.9843462049254,5.736298529901186,5.127563804185343,6.217096808852002,5.827619344547262,3.9876616087826684,3.9622560729616985,3.9836321177881926,4.035044431683628,NORMAL,NONE
U061,POWER_MOSFET,125.0,100.37161919374863,100.83547199709723,103.14442181527335,105.293815203766,5.281526798027201,5.511237253780473,6.4576586737902515,8.308596219973253,4.007831111756003,4.058119545562945,4.018030780936278,4.055367303552661,NORMAL,NONE
U062,POWER_MOSFET,125.48825919531501,100.0817839798811,100.87397519836979,101.31610223741882,102.15421584724943,5.229895174053201,5.964912108373125,6.446742540832178,6.544819116489963,4.01501409219848,4.006945570988437,3.9864623606126592,4.013114079876797,NORMAL,NONE
U063,POWER_MOSFET,126.75866699407783,99.46783602553913,100.03664773524471,101.21843300971604,103.46307695139853,4.557821484912273,5.812227058249964,4.289601478721523,4.995754922513931,4.034688356388924,4.017656699777752,4.03634921774213,4.038559872250673,NORMAL,NONE
U064,POWER_MOSFET,127.13367973937856,100.80108571768602,101.75967111257958,102.70837349376521,104.40971437926092,4.471745622393884,5.766773421729476,6.59461159667437,6.782120330756195,4.065994324015336,4.059849834455146,4.062755792749798,4.084823129795061,NORMAL,NONE
U065,POWER_MOSFET,127.38004170559978,98.87592932534017,100.27674514457766,101.37388740726351,103.17576983162512,4.360617166828845,5.193672539946191,6.231961845226352,7.875965877305056,4.049445498040659,4.039934341362303,4.056843827442786,4.006418355701003,NORMAL,NONE
U066,POWER_MOSFET,125.0,98.14433791849277,99.8625028220027,100.94859707137981,102.46674509613995,6.320648344286395,6.726358333788747,5.751057073848362,6.30572612708203,4.046296829166226,4.026457559185804,4.064281777898112,4.029450911325634,NORMAL,NONE
U067,POWER_MOSFET,125.0,97.30928134423532,98.61499190345131,100.13319701463662,102.91820009907049,5.69248538760543,6.036119254524481,7.7256482790790475,8.575780762333412,4.024298056599083,3.9927526260687363,4.063516793378835,4.075529187562663,NORMAL,NONE
U068,POWER_MOSFET,127.57392764377146,100.38263850464595,101.46883875815524,102.27073792574622,104.5534963052312,4.713209399707316,5.695175724884549,4.736184540149782,5.272968447385436,4.146710027951811,4.1174830571678145,4.152334910015545,4.148108775242897,NORMAL,NONE
U069,POWER_MOSFET,125.0,102.32665362221559,104.09390529405646,105.850240749095,107.2521189406918,4.216851349176763,5.597417817858143,6.948386135058924,7.171128370047067,3.975255065168534,3.9923702133301773,4.02566902007153,4.029875689438348,NORMAL,NONE
U070,POWER_MOSFET,125.0,99.98863897711236,100.43071893580897,102.01028414614058,102.85072860554264,4.370889034963883,4.932522568666088,6.589524809145196,7.283456695339935,3.8768872437533255,4.086094802942348,4.508799807785511,4.84928343675233,BORDERLINE,NONE
U071,POWER_MOSFET,125.0,99.88686633446032,100.95923237656781,101.74968451955624,103.84160258886499,5.485603578911265,6.134738393368176,6.7059201761054785,6.616254502275653,4.054964932098714,4.086652432593656,4.118525988388814,4.0636830334802365,NORMAL,NONE
U072,POWER_MOSFET,125.0,100.56702984132444,102.56936778277777,105.41419741669837,108.54533079770815,4.779840072124668,5.569966152997577,5.831404106648805,6.3226572962032055,3.9959703444766643,3.960927773904584,3.9786528169791557,3.9660476247845833,NORMAL,NONE
U073,POWER_MOSFET,126.49148223216129,101.3950147313267,102.86070874426927,104.61142452435075,106.44481062569604,5.466340911185601,5.3086469181463825,5.0809361561191695,5.619033838361874,3.984042146836254,4.012436881716482,4.052728403736336,4.067020335747928,NORMAL,NONE
U074,POWER_MOSFET,125.42727720821169,99.76036829230796,108.60994957580381,126.3539973870096,139.71186307966298,4.22533852225279,4.199866907966849,4.484502755916684,5.115468877792733,4.060430051743337,4.0715990729258955,4.0881880284054954,4.084417807698119,BORDERLINE,NONE
U075,POWER_MOSFET,127.07145606220331,99.59646090330196,101.49843515814182,101.55003300433415,103.6504944306852,5.083624196469637,6.143842513042214,6.673567547228247,7.550867707648192,3.9433971544772293,3.934066752066434,3.97384673434718,3.918035565242584,NORMAL,NONE
U076,POWER_MOSFET,125.0,102.29561398425624,102.83642014322005,105.2037376994938,106.04264841014792,4.811825228304513,5.495796628252149,5.811692025647742,6.296611441685316,3.9591079425132922,4.266669680939566,5.0620225159038625,5.666775271268307,DEFECTIVE,THRESHOLD_SHIFT
U077,POWER_MOSFET,125.47561907323015,100.56162191324259,100.89626106700747,103.3955248946858,103.59231672569096,4.768981663412117,4.282247304761754,6.24040203058306,7.099596721759459,3.9433268660899348,3.91879041616637,3.9134118824315953,3.9210958997657537,NORMAL,NONE
U078,POWER_MOSFET,126.87677118190201,102.81278709549585,103.37038679734457,104.73287244578762,105.95344404826187,3.980649050982302,24.37697763210647,62.75022293447765,90.45757179104649,3.9628656173485544,4.0104033749339685,3.9454784675371353,3.9686578802596766,BORDERLINE,NONE
U079,POWER_MOSFET,125.0,100.99416673620209,101.34820520407,101.80551913280557,103.19521503209411,5.132858280385803,5.446426521406514,5.308744817885654,5.910583681398591,3.9900207827953156,4.032235205389221,4.053872310556644,4.053249476471552,NORMAL,NONE
U080,POWER_MOSFET,126.37032571267224,97.51727609618533,99.59447721953559,101.44896796755708,102.51834245177518,4.8859331757590905,4.5351023706401925,5.299286937376405,5.91986432191436,4.050777808386242,4.024560269620656,4.072786696036036,4.065410556889342,NORMAL,NONE
U081,POWER_MOSFET,125.0,98.04694022547226,98.46521429334943,100.03706069372564,100.45653088206542,4.067650282097002,4.634227706570996,6.016653158175448,6.464832790069127,4.022017949280019,4.006780141887415,4.068222952625454,3.9898826072006988,NORMAL,NONE
U082,POWER_MOSFET,125.0,102.5578451698308,103.07899238739256,105.47350011783983,107.53133754215324,3.785570178529876,5.82798153798338,8.207577878625544,8.332652865282343,3.934557862941492,3.9522855782232242,3.9334351906035887,3.9292470274788904,NORMAL,NONE
U083,POWER_MOSFET,125.0,101.67520401968625,104.02840183994168,106.13704776175942,107.80835554728854,4.9373096660354046,4.746113863824913,5.106779673014868,5.9547825764110085,3.857727179941891,3.910981933601985,3.8733376687368195,3.8975223444786584,NORMAL,NONE
U084,POWER_MOSFET,125.0,100.49989965770273,101.140872865719,102.67754308867264,103.90430620473147,4.811645102701288,5.587071363166549,6.532404318715839,7.2798819135451955,4.002101028987836,4.00161041974891,3.9835187975681907,4.007472234426045,NORMAL,NONE
U085,POWER_MOSFET,126.46091744235675,99.79106863989075,99.67694721938764,101.77169959364325,102.66794434645415,5.791421201195634,6.39658858309022,9.06680071284799,9.810336414404812,3.950175135002539,3.998572665452534,3.9874035102562195,4.00391234395333,NORMAL,NONE
U086,POWER_MOSFET,125.0,102.31769404640615,102.98232718100346,105.54090798904313,106.56331078272099,3.40719750323867,3.4619031188871343,3.6564125147747615,4.614507409128991,4.035545214458037,4.051890055295246,4.052321927943087,3.977319402134803,NORMAL,NONE
U087,POWER_MOSFET,125.03748235618306,98.36759912786567,98.61578298604393,100.29235927128629,101.62438888951287,4.352997430676021,4.507432677441285,5.269608611970468,4.992146451706123,4.051940220493816,4.017474431337069,4.093507526455806,4.029535891353438,NORMAL,NONE
U088,POWER_MOSFET,126.44223997671773,98.68671652833308,99.34805023134417,103.00315781451894,104.50903043208514,5.23671414605428,4.767364135447807,6.262197715550613,6.1039340812167575,4.036159176872402,4.024069076685373,4.011770771618888,3.962536231658759,NORMAL,NONE
U089,POWER_MOSFET,126.33959352808984,100.57162380056995,101.51909472453916,102.29591375494299,102.66154899030774,4.351990493722822,5.628216006873458,6.654438600153245,5.798240799197016,4.037848563961329,4.037603031067899,4.014165107438249,3.9745562969130463,NORMAL,NONE
U090,POWER_MOSFET,126.99615532691836,99.27781307168112,100.07687082114163,101.77310248426427,102.67929269336263,4.5925366327186214,5.437456245779723,6.985289931711065,7.474430615664666,4.003267590138393,4.013473973629091,3.9735464507519866,4.021728502362906,NORMAL,NONE
U091,POWER_MOSFET,125.0,99.99209196107071,100.22192493600198,101.02452011303711,100.2249729952146,3.134722173831227,4.7311383531280615,5.550727860791676,6.448387300177513,4.017260693776625,4.040148052556758,4.04624048852375,4.037879758842186,NORMAL,NONE
U092,POWER_MOSFET,125.0,99.65050426885139,99.28226513632137,101.18569199335703,102.00093587335947,5.486276947849045,4.771620092847682,5.644716932593465,5.81930053619565,3.9959426618124874,3.950612676399901,3.9704487429534034,3.9956896847889984,NORMAL,NONE
U093,POWER_MOSFET,125.0,100.52932585177366,101.33403357647589,104.53608147867865,106.78361982144533,5.907656555247593,6.50377830824303,7.341923696908547,9.118224977840933,3.9730055856341737,3.9881823236368,4.018247115843189,4.05085782769565,NORMAL,NONE
U094,POWER_MOSFET,125.0,101.51227352393276,102.71349374963049,104.71070631751451,107.46707835502941,3.6739163889386592,4.34068423302618,5.472854845930187,5.334759049794857,4.014464445287715,4.007035244476683,4.032930742411229,4.034440153155994,NORMAL,NONE
U095,POWER_MOSFET,125.0,99.85910388188277,100.68418926163659,102.42004818950272,103.21400775852707,4.7334329779735285,6.4500575119804795,6.982311494635292,9.412617758770836,4.061508400567692,4.046694207399567,4.043777218992807,4.0362295042449,NORMAL,NONE
U096,POWER_MOSFET,125.0,101.2373177704753,101.1857485268356,102.17616311064914,103.06092675246171,4.554834116675758,4.816979515638099,5.115664955131369,5.675913478938547,3.9437450351599415,3.9988858633926267,4.0285452599208424,4.027680429433907,NORMAL,NONE
U097,POWER_MOSFET,125.0,96.27430805300285,97.12048864606001,97.20803832917797,96.29522459939552,5.020061542410601,4.252826526558371,5.974046575357648,5.800942679265982,4.030051063144836,4.003474634154173,4.063108109346496,4.087532088723967,NORMAL,NONE
U098,POWER_MOSFET,126.19932268017031,99.61365045241875,100.17731046008157,101.2021497634923,103.0051137215758,4.182753777507223,4.260689031215385,6.405689890227995,6.789697164520232,3.9651933412313265,3.975723074497461,4.008456884241625,3.9992476229570375,NORMAL,NONE
U099,POWER_MOSFET,125.0,98.6831441699613,100.5915205903568,103.14752901235792,106.3787251532226,4.906433079065297,5.180346909585798,6.8162904196514456,7.205481668836773,4.0043193057891155,4.005537127596451,3.936922727810215,4.019717508025367,NORMAL,NONE
